epoch,train_loss,val_loss,val_accuracy,val_macro_f1,genuine_precision,genuine_recall,genuine_f1,different_precision,different_recall,different_f1,impersonation_precision,impersonation_recall,impersonation_f1
1,0.7523929497150526,0.6974878708521525,0.5244755244755245,0.582214795465925,0.7920792079207921,0.41450777202072536,0.54421768707483,0.17228464419475656,0.5111111111111111,0.25770308123249297,0.912621359223301,0.9791666666666666,0.9447236180904522
2,0.5204579556641513,0.6017796761459775,0.6765734265734266,0.6553384553108179,0.8142414860681114,0.6813471502590673,0.7418899858956276,0.19078947368421054,0.32222222222222224,0.2396694214876033,0.979381443298969,0.9895833333333334,0.9844559585492227
3,0.4988483108886301,0.6285819941096835,0.5681818181818182,0.6208287103830517,0.8078602620087336,0.4792746113989637,0.6016260162601627,0.18473895582329317,0.5111111111111111,0.2713864306784661,1.0,0.9791666666666666,0.9894736842105263
4,0.46120334569722005,0.6363212946388457,0.541958041958042,0.6137459497716944,0.8205128205128205,0.41450777202072536,0.5507745266781411,0.1950354609929078,0.6111111111111112,0.2956989247311828,1.0,0.9895833333333334,0.9947643979057592
5,0.4370895232239815,0.568918259607421,0.6713286713286714,0.6577404803986382,0.8119122257053292,0.6709844559585493,0.7347517730496453,0.1949685534591195,0.34444444444444444,0.24899598393574296,1.0,0.9791666666666666,0.9894736842105263
6,0.3878001435978772,0.6494577295250363,0.5734265734265734,0.6323803636600422,0.8287037037037037,0.4637305699481865,0.5946843853820598,0.20689655172413793,0.6,0.3076923076923077,1.0,0.9895833333333334,0.9947643979057592
7,0.32340214227976866,0.6798819998900095,0.5524475524475524,0.6188188188188187,0.8155339805825242,0.43523316062176165,0.5675675675675675,0.1925925925925926,0.5777777777777777,0.28888888888888886,1.0,1.0,1.0
8,0.2418558901711686,0.7304006765286127,0.5017482517482518,0.5912260957210719,0.8098159509202454,0.34196891191709844,0.4808743169398907,0.18849840255591055,0.6555555555555556,0.29280397022332505,1.0,1.0,1.0
9,0.16632789363191552,0.8457098404566447,0.46853146853146854,0.5712016689187588,0.8153846153846154,0.27461139896373055,0.4108527131782946,0.1907514450867052,0.7333333333333333,0.30275229357798167,1.0,1.0,1.0
10,0.11557641801462598,0.762817402680715,0.5122377622377622,0.5975910733359089,0.8128654970760234,0.3601036269430052,0.4991023339317774,0.1901639344262295,0.6444444444444445,0.2936708860759494,1.0,1.0,1.0
11,0.08886505395480215,1.2575445423523586,0.38286713286713286,0.5029147123080587,0.8,0.11398963730569948,0.19954648526077098,0.1876484560570071,0.8777777777777778,0.30919765166340507,1.0,1.0,1.0
12,0.06003453220202498,1.1677091072003047,0.42482517482517484,0.5392136525800876,0.8202247191011236,0.18911917098445596,0.30736842105263157,0.19121447028423771,0.8222222222222222,0.31027253668763105,1.0,1.0,1.0
13,0.052893958501007456,1.4397057708766725,0.36363636363636365,0.48580246913580244,0.7391304347826086,0.08808290155440414,0.1574074074074074,0.1813953488372093,0.8666666666666667,0.3,1.0,1.0,1.0
14,0.03851252838280307,1.190702211525705,0.40734265734265734,0.5246037112162872,0.821917808219178,0.15544041450777202,0.26143790849673204,0.19106699751861042,0.8555555555555555,0.31237322515212984,1.0,1.0,1.0
15,0.03762487619987702,1.2004216296805277,0.42482517482517484,0.5391160141322374,0.7938144329896907,0.19948186528497408,0.3188405797101449,0.18469656992084432,0.7777777777777778,0.29850746268656714,1.0,1.0,1.0
