sample_id,epsilon,max_normalized_delta,mean_abs_normalized_delta,max_raw_delta,mean_abs_raw_delta
0,0.01,0.010000109672546387,0.009999195113778114,0.5839678645133972,0.5762543082237244
0,0.05,0.05000007152557373,0.049991216510534286,2.9197633266448975,2.8809969425201416
0,0.1,0.10000002384185791,0.09996756166219711,5.839511394500732,5.761139392852783
1,0.01,0.010000109672546387,0.009997001849114895,0.5839678645133972,0.5761255025863647
1,0.05,0.05000007152557373,0.049965403974056244,2.9197633266448975,2.879490852355957
1,0.1,0.10000002384185791,0.09987463057041168,5.839511394500732,5.755735874176025
2,0.01,0.010000109672546387,0.009999394416809082,0.5839678645133972,0.5762649178504944
2,0.05,0.05000007152557373,0.049991123378276825,2.9197633266448975,2.880981683731079
2,0.1,0.10000002384185791,0.09995470941066742,5.839511394500732,5.76035737991333
3,0.01,0.010000109672546387,0.009999659843742847,0.5839678645133972,0.5762807130813599
3,0.05,0.05000007152557373,0.04999103024601936,2.9197633266448975,2.880979299545288
3,0.1,0.10000002384185791,0.09994161128997803,5.839511394500732,5.759612560272217
4,0.01,0.010000109672546387,0.009999992325901985,0.5839678645133972,0.5763000249862671
4,0.05,0.05000007152557373,0.049999989569187164,2.9197633266448975,2.881499767303467
4,0.1,0.10000002384185791,0.09999966621398926,5.839511394500732,5.76298189163208
5,0.01,0.010000109672546387,0.009999859146773815,0.5839678645133972,0.5762924551963806
5,0.05,0.05000007152557373,0.04999610409140587,2.9197633266448975,2.881273031234741
5,0.1,0.10000002384185791,0.09997241199016571,5.839511394500732,5.761391639709473
6,0.01,0.010000109672546387,0.009990626014769077,0.5839678645133972,0.5757622718811035
6,0.05,0.05000007152557373,0.04990900680422783,2.9197633266448975,2.87627911567688
6,0.1,0.10000002384185791,0.09968730062246323,5.839511394500732,5.745059490203857
7,0.01,0.010000109672546387,0.00999779999256134,0.5839678645133972,0.5761719346046448
7,0.05,0.05000007152557373,0.04997236654162407,2.9197633266448975,2.8798892498016357
7,0.1,0.10000002384185791,0.09987318515777588,5.839511394500732,5.755612850189209
8,0.01,0.010000109672546387,0.009999659843742847,0.5839678645133972,0.5762808918952942
8,0.05,0.05000007152557373,0.049990952014923096,2.9197633266448975,2.880980968475342
8,0.1,0.10000002384185791,0.09995926171541214,5.839511394500732,5.760663032531738
9,0.01,0.010000109672546387,0.009988565929234028,0.5839678645133972,0.5756354928016663
9,0.05,0.05000007152557373,0.04989510402083397,2.9197633266448975,2.8754043579101562
9,0.1,0.10000002384185791,0.09960778057575226,5.839511394500732,5.74021577835083
10,0.01,0.010000109672546387,0.009999992325901985,0.5839678645133972,0.5763000845909119
10,0.05,0.05000007152557373,0.04999934881925583,2.9197633266448975,2.881462812423706
10,0.1,0.10000002384185791,0.09999124705791473,5.839511394500732,5.76249361038208
11,0.01,0.010000109672546387,0.009998929686844349,0.5839678645133972,0.5762390494346619
11,0.05,0.05000007152557373,0.04998885095119476,2.9197633266448975,2.880859613418579
11,0.1,0.10000002384185791,0.0999603345990181,5.839511394500732,5.760717391967773
12,0.01,0.010000109672546387,0.009997068904340267,0.5839678645133972,0.5761321783065796
12,0.05,0.05000007152557373,0.04996870458126068,2.9197633266448975,2.879701614379883
12,0.1,0.10000002384185791,0.0998792052268982,5.839511394500732,5.7560529708862305
13,0.01,0.010000109672546387,0.009998330846428871,0.5839678645133972,0.5762045979499817
13,0.05,0.05000007152557373,0.04998602718114853,2.9197633266448975,2.8806962966918945
13,0.1,0.10000002384185791,0.09994839131832123,5.839511394500732,5.7600202560424805
14,0.01,0.010000109672546387,0.009999394416809082,0.5839678645133972,0.5762654542922974
14,0.05,0.05000007152557373,0.04999309778213501,2.9197633266448975,2.8811020851135254
14,0.1,0.10000002384185791,0.09996982663869858,5.839511394500732,5.761263370513916
15,0.01,0.010000109672546387,0.009984713047742844,0.5839678645133972,0.5754163861274719
15,0.05,0.05000007152557373,0.04982084035873413,2.9197633266448975,2.871155023574829
15,0.1,0.10000002384185791,0.09926697611808777,5.839511394500732,5.720675468444824
16,0.01,0.010000109672546387,0.009474973194301128,0.5839678645133972,0.5460567474365234
16,0.05,0.05000007152557373,0.047068703919649124,2.9197633266448975,2.7126426696777344
16,0.1,0.10000002384185791,0.09371206909418106,5.839511394500732,5.4007649421691895
17,0.01,0.010000109672546387,0.009998197667300701,0.5839678645133972,0.5761967301368713
17,0.05,0.05000007152557373,0.04996815323829651,2.9197633266448975,2.879673480987549
17,0.1,0.10000002384185791,0.09981673955917358,5.839511394500732,5.7524919509887695
18,0.01,0.010000109672546387,0.009999859146773815,0.5839678645133972,0.5762925148010254
18,0.05,0.05000007152557373,0.04999351128935814,2.9197633266448975,2.8811280727386475
18,0.1,0.10000002384185791,0.09986132383346558,5.839511394500732,5.755051136016846
19,0.01,0.010000109672546387,0.009999992325901985,0.5839678645133972,0.5762999057769775
19,0.05,0.05000007152557373,0.049999020993709564,2.9197633266448975,2.881443738937378
19,0.1,0.10000002384185791,0.09999488294124603,5.839511394500732,5.762705326080322
