model,epsilon,class,precision,recall,f1,support
C-Control,0.0,genuine,0.8119122257053292,0.6709844559585493,0.7347517730496453,386
C-Control,0.0,different_person,0.1949685534591195,0.34444444444444444,0.24899598393574296,90
C-Control,0.0,impersonation,1.0,0.9791666666666666,0.9894736842105263,96
C-Adv,0.0,genuine,0.8011204481792717,0.7409326424870466,0.7698519515477793,386
C-Adv,0.0,different_person,0.17355371900826447,0.23333333333333334,0.1990521327014218,90
C-Adv,0.0,impersonation,1.0,0.9791666666666666,0.9894736842105263,96
C-Control,0.01,genuine,0.0,0.0,0.0,386
C-Control,0.01,different_person,0.002288329519450801,0.011111111111111112,0.003795066413662239,90
C-Control,0.01,impersonation,0.07692307692307693,0.041666666666666664,0.05405405405405406,96
C-Adv,0.01,genuine,0.13125,0.054404145077720206,0.07692307692307693,386
C-Adv,0.01,different_person,0.0,0.0,0.0,90
C-Adv,0.01,impersonation,0.8421052631578947,0.16666666666666666,0.2782608695652174,96
C-Control,0.05,genuine,0.3707865168539326,0.08549222797927461,0.13894736842105262,386
C-Control,0.05,different_person,0.04504504504504504,0.16666666666666666,0.07092198581560284,90
C-Control,0.05,impersonation,0.3933333333333333,0.6145833333333334,0.4796747967479675,96
C-Adv,0.05,genuine,0.336,0.10880829015544041,0.1643835616438356,386
C-Adv,0.05,different_person,0.057291666666666664,0.24444444444444444,0.09282700421940929,90
C-Adv,0.05,impersonation,0.9047619047619048,0.59375,0.7169811320754716,96
C-Control,0.1,genuine,0.6285714285714286,0.05699481865284974,0.10451306413301663,386
C-Control,0.1,different_person,0.15514018691588785,0.9222222222222223,0.2656,90
C-Control,0.1,impersonation,1.0,0.020833333333333332,0.04081632653061224,96
C-Adv,0.1,genuine,0.5604395604395604,0.13212435233160622,0.2138364779874214,386
C-Adv,0.1,different_person,0.1407766990291262,0.6444444444444445,0.23107569721115537,90
C-Adv,0.1,impersonation,0.855072463768116,0.6145833333333334,0.7151515151515152,96
