epoch,train_clean_loss,train_adv_loss,train_total_loss,val_clean_loss,val_accuracy,val_macro_f1,genuine_recall,different_recall,impersonation_recall
1,0.7214468325654121,1.005396113820272,0.863421478500105,0.7182678249147203,0.5821678321678322,0.6011832340444587,0.5310880829015544,0.37777777777777777,0.9791666666666666
2,0.5080484707061559,0.7526855713700595,0.6303670210381077,0.6519255836804708,0.6538461538461539,0.633583184029393,0.6606217616580311,0.2777777777777778,0.9791666666666666
3,0.4865371299116579,0.6764098279280205,0.5814734815734707,0.653761237859726,0.5157342657342657,0.5894622002038882,0.38860103626943004,0.5444444444444444,1.0
4,0.4545863789238342,0.5910653610752054,0.5228258685706413,0.6466650995943282,0.5227272727272727,0.5972983400502959,0.4015544041450777,0.5333333333333333,1.0
5,0.4282695565321674,0.5781611583820762,0.5032153590901257,0.5929557681083679,0.701048951048951,0.6527925894865758,0.7409326424870466,0.23333333333333334,0.9791666666666666
6,0.374142198529962,0.5869276156164196,0.4805349074814418,0.6248459335830476,0.5874125874125874,0.635142420994511,0.5,0.5222222222222223,1.0
7,0.27992101462736524,0.6114232609533283,0.4456721348305271,0.7355519301361508,0.4493006993006993,0.5554881352562586,0.24093264248704663,0.8,0.9583333333333334
8,0.195896945281388,0.5655708794724451,0.3807339131423872,0.8998160660266876,0.3706293706293706,0.48765786452353616,0.07253886010362694,0.9777777777777777,1.0
9,0.14181805340802833,0.5244451304004617,0.33313159256765285,0.7776586595508788,0.4423076923076923,0.5528877935163959,0.22020725388601037,0.8,1.0
10,0.10331162902182095,0.4649825841188431,0.28414710519248493,0.7357183744510015,0.49125874125874125,0.5836891102946149,0.3290155440414508,0.6444444444444445,1.0
11,0.06835282178059833,0.39249829988773555,0.2304255612296601,1.300395538409551,0.3269230769230769,0.44196874523162805,0.015544041450777202,0.9888888888888889,0.9583333333333334
12,0.05266078252804606,0.3342165540750713,0.19343866805915963,1.05981934732861,0.3706293706293706,0.48872180451127817,0.07772020725388601,0.9555555555555556,1.0
13,0.04314045623353083,0.3098521597989618,0.17649630855207574,0.917972981929779,0.4388111888111888,0.5504023092506852,0.20466321243523317,0.8444444444444444,1.0
14,0.03501681220551876,0.2809730269116898,0.1579949194437837,1.2121356063418918,0.3409090909090909,0.45780061969269165,0.02849740932642487,0.9777777777777777,1.0
15,0.03443049508057637,0.2592760336725679,0.14685326426813047,1.4255791339609358,0.3409090909090909,0.4570328514912898,0.025906735751295335,0.9888888888888889,1.0
