epoch,train_loss,val_loss,val_accuracy,val_macro_f1,genuine_recall,different_recall,impersonation_recall
1,1.0015919314671868,0.9665504296620687,0.42657342657342656,0.431998869238797,0.3290155440414508,0.4666666666666667,0.78125
2,0.7196290542001593,0.8317468166351318,0.486013986013986,0.5095315449694598,0.3911917098445596,0.5555555555555556,0.8020833333333334
3,0.5827647839507012,0.7832894523938497,0.5472027972027972,0.5539769221656949,0.5077720207253886,0.4777777777777778,0.7708333333333334
4,0.5238065952307558,0.7766855226622688,0.5297202797202797,0.5549832741490143,0.4740932642487047,0.5333333333333333,0.75
5,0.49483215359792315,0.7302086121506162,0.6013986013986014,0.5773515495671512,0.6139896373056994,0.3888888888888889,0.75
6,0.4929097837781253,0.7146574060122172,0.5874125874125874,0.5675118041502996,0.5932642487046632,0.37777777777777777,0.7604166666666666
7,0.474174975532375,0.7852357029914856,0.5244755244755245,0.5461716650861388,0.4896373056994819,0.4888888888888889,0.6979166666666666
8,0.45672525445075884,0.69644995033741,0.6468531468531469,0.5852486896677388,0.7020725388601037,0.26666666666666666,0.78125
9,0.4510180060177633,0.7308598392539554,0.6206293706293706,0.5661831128115202,0.6865284974093264,0.28888888888888886,0.6666666666666666
10,0.4425835564528426,0.6700275854931937,0.6625874125874126,0.5859221320649524,0.7383419689119171,0.2222222222222222,0.7708333333333334
11,0.435523267478159,0.7021403577592638,0.6171328671328671,0.5721875328382959,0.6580310880829016,0.3,0.75
12,0.4146977083323753,0.6992511981063418,0.6083916083916084,0.5841624189036904,0.6269430051813472,0.37777777777777777,0.75
13,0.4061504504452013,0.6864634917842017,0.6678321678321678,0.5989296331602775,0.7487046632124352,0.26666666666666666,0.71875
14,0.3898527397684855,0.6618986974159876,0.6608391608391608,0.6019641631920079,0.7227979274611399,0.3,0.75
15,0.4035383258780388,0.6579207761420144,0.6538461538461539,0.5957177870178026,0.7124352331606217,0.26666666666666666,0.78125
